id;identificador;nombre;email;telefono;direccion
1;why aside unfurl;energetically while;"?0aK#@Y%rc-}.'WH;!";exploration with whe;like yak
2;solution;zealous where incidentally;"x9'@^Z6-`.x%^";segregate;indeed
3;gee next;yearly closely insistent;"zc@VIr|.-ah\by";descriptive lid;forceful till
4;density;certainly curse duh;"i0oSy@l.20I|<3";bidet fashion;dutiful
5;though;desk;"~D@`[X:.(A,9:";guidance segregate;beside where
6;kiddingly wetly till;peninsula;"<|OZp@4^3.q";apropos to;superb why athwart
7;misreport enchanting;pish showboat;"kg)LW@G.[Pq/,2";reboot busily;aside when since
8;rewrite crowded;which supposing;"X@8DU(.ce";unabashedly;fragrant corrupt bad
9;spirit;which;"~@T1'^P?.(3Qz";huzzah;ethical
10;tenderly gosh mature;whenever drive;"I2^y[@TtYJv.~T";gestate;tense incinerate
